Label (Grouping),Median income (dollars)
Virginia,
    Households,
        Estimate,"93,170"
        Margin of Error,±458
    Families,
        Estimate,"115,213"
        Margin of Error,±594
    Married-couple families,
        Estimate,"136,059"
        Margin of Error,±583
    Nonfamily households,
        Estimate,"56,367"
        Margin of Error,±437
"Accomack County, Virginia",
    Households,
        Estimate,"58,993"
        Margin of Error,"±5,112"
    Families,
        Estimate,"72,820"
        Margin of Error,"±3,628"
    Married-couple families,
        Estimate,"86,385"
        Margin of Error,"±6,552"
    Nonfamily households,
        Estimate,"34,537"
        Margin of Error,"±5,530"
"Albemarle County, Virginia",
    Households,
        Estimate,"104,392"
        Margin of Error,"±3,216"
    Families,
        Estimate,"137,355"
        Margin of Error,"±6,297"
    Married-couple families,
        Estimate,"156,478"
        Margin of Error,"±6,166"
    Nonfamily households,
        Estimate,"61,727"
        Margin of Error,"±3,437"
"Alleghany County, Virginia",
    Households,
        Estimate,"56,188"
        Margin of Error,"±4,205"
    Families,
        Estimate,"73,409"
        Margin of Error,"±8,862"
    Married-couple families,
        Estimate,"85,591"
        Margin of Error,"±4,988"
    Nonfamily households,
        Estimate,"31,250"
        Margin of Error,"±5,900"
"Amelia County, Virginia",
    Households,
        Estimate,"76,717"
        Margin of Error,"±10,778"
    Families,
        Estimate,"88,021"
        Margin of Error,"±13,357"
    Married-couple families,
        Estimate,"97,200"
        Margin of Error,"±4,299"
    Nonfamily households,
        Estimate,"41,620"
        Margin of Error,"±8,964"
"Amherst County, Virginia",
    Households,
        Estimate,"68,724"
        Margin of Error,"±3,768"
    Families,
        Estimate,"87,866"
        Margin of Error,"±4,916"
    Married-couple families,
        Estimate,"99,942"
        Margin of Error,"±6,559"
    Nonfamily households,
        Estimate,"37,522"
        Margin of Error,"±5,603"
"Appomattox County, Virginia",
    Households,
        Estimate,"62,853"
        Margin of Error,"±4,908"
    Families,
        Estimate,"81,762"
        Margin of Error,"±7,309"
    Married-couple families,
        Estimate,"96,638"
        Margin of Error,"±11,912"
    Nonfamily households,
        Estimate,"32,415"
        Margin of Error,"±7,367"
"Arlington County, Virginia",
    Households,
        Estimate,"142,114"
        Margin of Error,"±3,551"
    Families,
        Estimate,"199,541"
        Margin of Error,"±4,408"
    Married-couple families,
        Estimate,"222,008"
        Margin of Error,"±6,521"
    Nonfamily households,
        Estimate,"112,386"
        Margin of Error,"±3,764"
"Augusta County, Virginia",
    Households,
        Estimate,"82,049"
        Margin of Error,"±4,414"
    Families,
        Estimate,"97,910"
        Margin of Error,"±3,700"
    Married-couple families,
        Estimate,"108,978"
        Margin of Error,"±4,338"
    Nonfamily households,
        Estimate,"40,223"
        Margin of Error,"±2,398"
"Bath County, Virginia",
    Households,
        Estimate,"56,184"
        Margin of Error,"±19,950"
    Families,
        Estimate,"86,250"
        Margin of Error,"±20,634"
    Married-couple families,
        Estimate,"96,667"
        Margin of Error,"±33,955"
    Nonfamily households,
        Estimate,"32,188"
        Margin of Error,"±14,021"
"Bedford County, Virginia",
    Households,
        Estimate,"78,937"
        Margin of Error,"±3,263"
    Families,
        Estimate,"92,345"
        Margin of Error,"±2,797"
    Married-couple families,
        Estimate,"99,329"
        Margin of Error,"±4,919"
    Nonfamily households,
        Estimate,"46,034"
        Margin of Error,"±4,759"
"Bland County, Virginia",
    Households,
        Estimate,"61,216"
        Margin of Error,"±5,455"
    Families,
        Estimate,"72,222"
        Margin of Error,"±11,081"
    Married-couple families,
        Estimate,"73,846"
        Margin of Error,"±11,133"
    Nonfamily households,
        Estimate,"41,269"
        Margin of Error,"±7,543"
"Botetourt County, Virginia",
    Households,
        Estimate,"81,213"
        Margin of Error,"±6,175"
    Families,
        Estimate,"96,761"
        Margin of Error,"±5,281"
    Married-couple families,
        Estimate,"108,594"
        Margin of Error,"±7,497"
    Nonfamily households,
        Estimate,"42,303"
        Margin of Error,"±5,175"
"Brunswick County, Virginia",
    Households,
        Estimate,"53,084"
        Margin of Error,"±4,616"
    Families,
        Estimate,"63,036"
        Margin of Error,"±10,039"
    Married-couple families,
        Estimate,"85,346"
        Margin of Error,"±8,427"
    Nonfamily households,
        Estimate,"33,370"
        Margin of Error,"±3,861"
"Buchanan County, Virginia",
    Households,
        Estimate,"42,886"
        Margin of Error,"±3,670"
    Families,
        Estimate,"51,617"
        Margin of Error,"±3,200"
    Married-couple families,
        Estimate,"55,256"
        Margin of Error,"±5,722"
    Nonfamily households,
        Estimate,"21,303"
        Margin of Error,"±3,378"
"Buckingham County, Virginia",
    Households,
        Estimate,"60,828"
        Margin of Error,"±4,412"
    Families,
        Estimate,"80,505"
        Margin of Error,"±10,442"
    Married-couple families,
        Estimate,"87,373"
        Margin of Error,"±6,918"
    Nonfamily households,
        Estimate,"36,678"
        Margin of Error,"±6,034"
"Campbell County, Virginia",
    Households,
        Estimate,"66,165"
        Margin of Error,"±5,574"
    Families,
        Estimate,"82,015"
        Margin of Error,"±3,840"
    Married-couple families,
        Estimate,"94,210"
        Margin of Error,"±5,397"
    Nonfamily households,
        Estimate,"38,808"
        Margin of Error,"±4,949"
"Caroline County, Virginia",
    Households,
        Estimate,"87,407"
        Margin of Error,"±7,737"
    Families,
        Estimate,"97,590"
        Margin of Error,"±5,113"
    Married-couple families,
        Estimate,"114,239"
        Margin of Error,"±7,778"
    Nonfamily households,
        Estimate,"55,297"
        Margin of Error,"±8,103"
"Carroll County, Virginia",
    Households,
        Estimate,"54,484"
        Margin of Error,"±3,777"
    Families,
        Estimate,"67,152"
        Margin of Error,"±7,899"
    Married-couple families,
        Estimate,"81,190"
        Margin of Error,"±7,085"
    Nonfamily households,
        Estimate,"29,213"
        Margin of Error,"±3,262"
"Charles City County, Virginia",
    Households,
        Estimate,"75,417"
        Margin of Error,"±9,739"
    Families,
        Estimate,"95,608"
        Margin of Error,"±7,621"
    Married-couple families,
        Estimate,"103,750"
        Margin of Error,"±4,822"
    Nonfamily households,
        Estimate,"43,641"
        Margin of Error,"±8,214"
"Charlotte County, Virginia",
    Households,
        Estimate,"58,000"
        Margin of Error,"±11,996"
    Families,
        Estimate,"76,066"
        Margin of Error,"±9,914"
    Married-couple families,
        Estimate,"99,886"
        Margin of Error,"±8,295"
    Nonfamily households,
        Estimate,"33,281"
        Margin of Error,"±8,314"
"Chesterfield County, Virginia",
    Households,
        Estimate,"101,931"
        Margin of Error,"±1,923"
    Families,
        Estimate,"120,205"
        Margin of Error,"±2,274"
    Married-couple families,
        Estimate,"136,760"
        Margin of Error,"±2,701"
    Nonfamily households,
        Estimate,"59,038"
        Margin of Error,"±2,938"
"Clarke County, Virginia",
    Households,
        Estimate,"117,111"
        Margin of Error,"±12,127"
    Families,
        Estimate,"145,190"
        Margin of Error,"±11,293"
    Married-couple families,
        Estimate,"148,676"
        Margin of Error,"±7,670"
    Nonfamily households,
        Estimate,"49,197"
        Margin of Error,"±12,747"
"Craig County, Virginia",
    Households,
        Estimate,"69,057"
        Margin of Error,"±17,015"
    Families,
        Estimate,"100,000"
        Margin of Error,"±28,017"
    Married-couple families,
        Estimate,"100,842"
        Margin of Error,"±25,995"
    Nonfamily households,
        Estimate,"35,893"
        Margin of Error,"±24,539"
"Culpeper County, Virginia",
    Households,
        Estimate,"100,049"
        Margin of Error,"±5,011"
    Families,
        Estimate,"114,351"
        Margin of Error,"±5,328"
    Married-couple families,
        Estimate,"125,581"
        Margin of Error,"±6,224"
    Nonfamily households,
        Estimate,"49,054"
        Margin of Error,"±5,689"
"Cumberland County, Virginia",
    Households,
        Estimate,"55,325"
        Margin of Error,"±6,015"
    Families,
        Estimate,"59,477"
        Margin of Error,"±6,633"
    Married-couple families,
        Estimate,"78,750"
        Margin of Error,"±15,486"
    Nonfamily households,
        Estimate,"34,975"
        Margin of Error,"±8,275"
"Dickenson County, Virginia",
    Households,
        Estimate,"47,254"
        Margin of Error,"±4,756"
    Families,
        Estimate,"57,779"
        Margin of Error,"±6,032"
    Married-couple families,
        Estimate,"72,372"
        Margin of Error,"±11,538"
    Nonfamily households,
        Estimate,"24,944"
        Margin of Error,"±3,861"
"Dinwiddie County, Virginia",
    Households,
        Estimate,"83,704"
        Margin of Error,"±5,844"
    Families,
        Estimate,"96,842"
        Margin of Error,"±6,038"
    Married-couple families,
        Estimate,"104,418"
        Margin of Error,"±6,872"
    Nonfamily households,
        Estimate,"40,023"
        Margin of Error,"±8,030"
"Essex County, Virginia",
    Households,
        Estimate,"56,520"
        Margin of Error,"±7,548"
    Families,
        Estimate,"83,281"
        Margin of Error,"±10,984"
    Married-couple families,
        Estimate,"96,607"
        Margin of Error,"±11,827"
    Nonfamily households,
        Estimate,"25,833"
        Margin of Error,"±14,811"
"Fairfax County, Virginia",
    Households,
        Estimate,"153,637"
        Margin of Error,"±1,635"
    Families,
        Estimate,"183,217"
        Margin of Error,"±1,861"
    Married-couple families,
        Estimate,"204,105"
        Margin of Error,"±2,334"
    Nonfamily households,
        Estimate,"98,625"
        Margin of Error,"±2,111"
"Fauquier County, Virginia",
    Households,
        Estimate,"130,189"
        Margin of Error,"±8,609"
    Families,
        Estimate,"154,081"
        Margin of Error,"±5,902"
    Married-couple families,
        Estimate,"175,949"
        Margin of Error,"±4,386"
    Nonfamily households,
        Estimate,"63,156"
        Margin of Error,"±4,908"
"Floyd County, Virginia",
    Households,
        Estimate,"62,191"
        Margin of Error,"±10,124"
    Families,
        Estimate,"83,881"
        Margin of Error,"±5,689"
    Married-couple families,
        Estimate,"91,069"
        Margin of Error,"±5,928"
    Nonfamily households,
        Estimate,"27,917"
        Margin of Error,"±4,390"
"Fluvanna County, Virginia",
    Households,
        Estimate,"96,768"
        Margin of Error,"±6,395"
    Families,
        Estimate,"104,986"
        Margin of Error,"±7,502"
    Married-couple families,
        Estimate,"115,563"
        Margin of Error,"±9,412"
    Nonfamily households,
        Estimate,"55,432"
        Margin of Error,"±9,351"
"Franklin County, Virginia",
    Households,
        Estimate,"68,849"
        Margin of Error,"±3,573"
    Families,
        Estimate,"84,845"
        Margin of Error,"±3,544"
    Married-couple families,
        Estimate,"97,556"
        Margin of Error,"±6,937"
    Nonfamily households,
        Estimate,"36,185"
        Margin of Error,"±1,948"
"Frederick County, Virginia",
    Households,
        Estimate,"97,606"
        Margin of Error,"±4,171"
    Families,
        Estimate,"118,671"
        Margin of Error,"±4,702"
    Married-couple families,
        Estimate,"130,160"
        Margin of Error,"±5,557"
    Nonfamily households,
        Estimate,"54,510"
        Margin of Error,"±4,408"
"Giles County, Virginia",
    Households,
        Estimate,"65,691"
        Margin of Error,"±3,318"
    Families,
        Estimate,"80,997"
        Margin of Error,"±5,789"
    Married-couple families,
        Estimate,"84,428"
        Margin of Error,"±8,893"
    Nonfamily households,
        Estimate,"39,039"
        Margin of Error,"±3,773"
"Gloucester County, Virginia",
    Households,
        Estimate,"84,306"
        Margin of Error,"±4,938"
    Families,
        Estimate,"99,146"
        Margin of Error,"±3,990"
    Married-couple families,
        Estimate,"108,290"
        Margin of Error,"±10,118"
    Nonfamily households,
        Estimate,"48,952"
        Margin of Error,"±6,903"
"Goochland County, Virginia",
    Households,
        Estimate,"118,931"
        Margin of Error,"±7,243"
    Families,
        Estimate,"136,575"
        Margin of Error,"±17,830"
    Married-couple families,
        Estimate,"150,853"
        Margin of Error,"±14,982"
    Nonfamily households,
        Estimate,"72,525"
        Margin of Error,"±9,444"
"Grayson County, Virginia",
    Households,
        Estimate,"47,730"
        Margin of Error,"±6,163"
    Families,
        Estimate,"61,893"
        Margin of Error,"±7,027"
    Married-couple families,
        Estimate,"67,753"
        Margin of Error,"±6,418"
    Nonfamily households,
        Estimate,"24,088"
        Margin of Error,"±2,134"
"Greene County, Virginia",
    Households,
        Estimate,"89,808"
        Margin of Error,"±7,105"
    Families,
        Estimate,"104,643"
        Margin of Error,"±9,539"
    Married-couple families,
        Estimate,"125,490"
        Margin of Error,"±8,387"
    Nonfamily households,
        Estimate,"57,981"
        Margin of Error,"±15,527"
"Greensville County, Virginia",
    Households,
        Estimate,"54,668"
        Margin of Error,"±9,395"
    Families,
        Estimate,"62,331"
        Margin of Error,"±14,017"
    Married-couple families,
        Estimate,"73,981"
        Margin of Error,"±11,943"
    Nonfamily households,
        Estimate,"34,980"
        Margin of Error,"±10,473"
"Halifax County, Virginia",
    Households,
        Estimate,"52,013"
        Margin of Error,"±3,015"
    Families,
        Estimate,"73,715"
        Margin of Error,"±5,052"
    Married-couple families,
        Estimate,"84,505"
        Margin of Error,"±5,931"
    Nonfamily households,
        Estimate,"24,445"
        Margin of Error,"±2,086"
"Hanover County, Virginia",
    Households,
        Estimate,"112,805"
        Margin of Error,"±4,144"
    Families,
        Estimate,"132,791"
        Margin of Error,"±3,361"
    Married-couple families,
        Estimate,"146,204"
        Margin of Error,"±4,177"
    Nonfamily households,
        Estimate,"57,719"
        Margin of Error,"±6,345"
"Henrico County, Virginia",
    Households,
        Estimate,"88,783"
        Margin of Error,"±2,074"
    Families,
        Estimate,"114,299"
        Margin of Error,"±3,349"
    Married-couple families,
        Estimate,"138,068"
        Margin of Error,"±3,698"
    Nonfamily households,
        Estimate,"56,215"
        Margin of Error,"±1,609"
"Henry County, Virginia",
    Households,
        Estimate,"50,760"
        Margin of Error,"±2,873"
    Families,
        Estimate,"69,705"
        Margin of Error,"±3,108"
    Married-couple families,
        Estimate,"78,105"
        Margin of Error,"±4,875"
    Nonfamily households,
        Estimate,"29,440"
        Margin of Error,"±2,997"
"Highland County, Virginia",
    Households,
        Estimate,"65,625"
        Margin of Error,"±11,958"
    Families,
        Estimate,"83,750"
        Margin of Error,"±12,194"
    Married-couple families,
        Estimate,"92,269"
        Margin of Error,"±13,299"
    Nonfamily households,
        Estimate,"35,833"
        Margin of Error,"±7,568"
"Isle of Wight County, Virginia",
    Households,
        Estimate,"95,241"
        Margin of Error,"±5,210"
    Families,
        Estimate,"113,173"
        Margin of Error,"±5,852"
    Married-couple families,
        Estimate,"129,036"
        Margin of Error,"±8,240"
    Nonfamily households,
        Estimate,"45,241"
        Margin of Error,"±6,115"
"James City County, Virginia",
    Households,
        Estimate,"109,985"
        Margin of Error,"±5,164"
    Families,
        Estimate,"131,624"
        Margin of Error,"±5,336"
    Married-couple families,
        Estimate,"145,844"
        Margin of Error,"±7,171"
    Nonfamily households,
        Estimate,"60,208"
        Margin of Error,"±6,108"
"King and Queen County, Virginia",
    Households,
        Estimate,"70,469"
        Margin of Error,"±14,473"
    Families,
        Estimate,"85,962"
        Margin of Error,"±10,870"
    Married-couple families,
        Estimate,"102,905"
        Margin of Error,"±10,587"
    Nonfamily households,
        Estimate,"39,718"
        Margin of Error,"±11,520"
"King George County, Virginia",
    Households,
        Estimate,"116,884"
        Margin of Error,"±7,078"
    Families,
        Estimate,"131,442"
        Margin of Error,"±10,614"
    Married-couple families,
        Estimate,"148,918"
        Margin of Error,"±4,762"
    Nonfamily households,
        Estimate,"72,440"
        Margin of Error,"±11,421"
"King William County, Virginia",
    Households,
        Estimate,"86,056"
        Margin of Error,"±7,056"
    Families,
        Estimate,"98,408"
        Margin of Error,"±9,138"
    Married-couple families,
        Estimate,"116,652"
        Margin of Error,"±10,747"
    Nonfamily households,
        Estimate,"43,750"
        Margin of Error,"±12,685"
"Lancaster County, Virginia",
    Households,
        Estimate,"69,713"
        Margin of Error,"±6,479"
    Families,
        Estimate,"86,273"
        Margin of Error,"±8,723"
    Married-couple families,
        Estimate,"100,954"
        Margin of Error,"±11,574"
    Nonfamily households,
        Estimate,"48,948"
        Margin of Error,"±7,213"
"Lee County, Virginia",
    Households,
        Estimate,"41,827"
        Margin of Error,"±3,806"
    Families,
        Estimate,"61,824"
        Margin of Error,"±6,708"
    Married-couple families,
        Estimate,"72,924"
        Margin of Error,"±8,763"
    Nonfamily households,
        Estimate,"22,711"
        Margin of Error,"±4,671"
"Loudoun County, Virginia",
    Households,
        Estimate,"181,765"
        Margin of Error,"±3,438"
    Families,
        Estimate,"203,933"
        Margin of Error,"±4,244"
    Married-couple families,
        Estimate,"221,884"
        Margin of Error,"±4,642"
    Nonfamily households,
        Estimate,"104,262"
        Margin of Error,"±4,299"
"Louisa County, Virginia",
    Households,
        Estimate,"86,689"
        Margin of Error,"±6,396"
    Families,
        Estimate,"101,472"
        Margin of Error,"±7,505"
    Married-couple families,
        Estimate,"116,122"
        Margin of Error,"±7,890"
    Nonfamily households,
        Estimate,"47,553"
        Margin of Error,"±5,547"
"Lunenburg County, Virginia",
    Households,
        Estimate,"54,842"
        Margin of Error,"±9,089"
    Families,
        Estimate,"73,211"
        Margin of Error,"±8,692"
    Married-couple families,
        Estimate,"80,833"
        Margin of Error,"±7,160"
    Nonfamily households,
        Estimate,"29,279"
        Margin of Error,"±7,149"
"Madison County, Virginia",
    Households,
        Estimate,"84,323"
        Margin of Error,"±8,904"
    Families,
        Estimate,"103,087"
        Margin of Error,"±10,907"
    Married-couple families,
        Estimate,"120,029"
        Margin of Error,"±6,523"
    Nonfamily households,
        Estimate,"45,359"
        Margin of Error,"±4,471"
"Mathews County, Virginia",
    Households,
        Estimate,"75,880"
        Margin of Error,"±11,970"
    Families,
        Estimate,"95,740"
        Margin of Error,"±14,469"
    Married-couple families,
        Estimate,"101,583"
        Margin of Error,"±12,622"
    Nonfamily households,
        Estimate,"47,105"
        Margin of Error,"±12,716"
"Mecklenburg County, Virginia",
    Households,
        Estimate,"57,045"
        Margin of Error,"±4,683"
    Families,
        Estimate,"75,361"
        Margin of Error,"±4,362"
    Married-couple families,
        Estimate,"94,444"
        Margin of Error,"±5,643"
    Nonfamily households,
        Estimate,"30,444"
        Margin of Error,"±3,507"
"Middlesex County, Virginia",
    Households,
        Estimate,"75,060"
        Margin of Error,"±9,373"
    Families,
        Estimate,"96,928"
        Margin of Error,"±12,524"
    Married-couple families,
        Estimate,"103,994"
        Margin of Error,"±9,631"
    Nonfamily households,
        Estimate,"37,290"
        Margin of Error,"±12,241"
"Montgomery County, Virginia",
    Households,
        Estimate,"72,715"
        Margin of Error,"±3,227"
    Families,
        Estimate,"110,919"
        Margin of Error,"±6,553"
    Married-couple families,
        Estimate,"126,149"
        Margin of Error,"±5,211"
    Nonfamily households,
        Estimate,"36,004"
        Margin of Error,"±2,038"
"Nelson County, Virginia",
    Households,
        Estimate,"72,589"
        Margin of Error,"±13,010"
    Families,
        Estimate,"102,872"
        Margin of Error,"±13,295"
    Married-couple families,
        Estimate,"109,767"
        Margin of Error,"±13,405"
    Nonfamily households,
        Estimate,"42,727"
        Margin of Error,"±8,117"
"New Kent County, Virginia",
    Households,
        Estimate,"123,314"
        Margin of Error,"±7,122"
    Families,
        Estimate,"131,206"
        Margin of Error,"±3,612"
    Married-couple families,
        Estimate,"143,697"
        Margin of Error,"±13,352"
    Nonfamily households,
        Estimate,"66,997"
        Margin of Error,"±8,969"
"Northampton County, Virginia",
    Households,
        Estimate,"61,632"
        Margin of Error,"±7,281"
    Families,
        Estimate,"81,846"
        Margin of Error,"±6,132"
    Married-couple families,
        Estimate,"93,906"
        Margin of Error,"±10,719"
    Nonfamily households,
        Estimate,"28,601"
        Margin of Error,"±4,485"
"Northumberland County, Virginia",
    Households,
        Estimate,"66,480"
        Margin of Error,"±4,444"
    Families,
        Estimate,"79,382"
        Margin of Error,"±13,932"
    Married-couple families,
        Estimate,"98,425"
        Margin of Error,"±12,062"
    Nonfamily households,
        Estimate,"35,995"
        Margin of Error,"±14,346"
"Nottoway County, Virginia",
    Households,
        Estimate,"63,261"
        Margin of Error,"±6,928"
    Families,
        Estimate,"81,563"
        Margin of Error,"±8,411"
    Married-couple families,
        Estimate,"93,281"
        Margin of Error,"±7,899"
    Nonfamily households,
        Estimate,"33,090"
        Margin of Error,"±4,826"
"Orange County, Virginia",
    Households,
        Estimate,"94,008"
        Margin of Error,"±4,855"
    Families,
        Estimate,"107,778"
        Margin of Error,"±9,551"
    Married-couple families,
        Estimate,"121,007"
        Margin of Error,"±12,041"
    Nonfamily households,
        Estimate,"59,118"
        Margin of Error,"±12,278"
"Page County, Virginia",
    Households,
        Estimate,"57,037"
        Margin of Error,"±5,201"
    Families,
        Estimate,"70,635"
        Margin of Error,"±5,496"
    Married-couple families,
        Estimate,"82,074"
        Margin of Error,"±8,530"
    Nonfamily households,
        Estimate,"33,990"
        Margin of Error,"±4,911"
"Patrick County, Virginia",
    Households,
        Estimate,"53,038"
        Margin of Error,"±6,528"
    Families,
        Estimate,"73,955"
        Margin of Error,"±7,760"
    Married-couple families,
        Estimate,"81,110"
        Margin of Error,"±5,007"
    Nonfamily households,
        Estimate,"34,917"
        Margin of Error,"±5,282"
"Pittsylvania County, Virginia",
    Households,
        Estimate,"54,085"
        Margin of Error,"±2,331"
    Families,
        Estimate,"70,039"
        Margin of Error,"±4,235"
    Married-couple families,
        Estimate,"82,094"
        Margin of Error,"±4,052"
    Nonfamily households,
        Estimate,"27,816"
        Margin of Error,"±3,306"
"Powhatan County, Virginia",
    Households,
        Estimate,"110,537"
        Margin of Error,"±6,157"
    Families,
        Estimate,"124,379"
        Margin of Error,"±6,792"
    Married-couple families,
        Estimate,"134,783"
        Margin of Error,"±11,647"
    Nonfamily households,
        Estimate,"52,719"
        Margin of Error,"±11,409"
"Prince Edward County, Virginia",
    Households,
        Estimate,"56,315"
        Margin of Error,"±4,908"
    Families,
        Estimate,"74,694"
        Margin of Error,"±11,691"
    Married-couple families,
        Estimate,"94,024"
        Margin of Error,"±10,500"
    Nonfamily households,
        Estimate,"29,558"
        Margin of Error,"±6,107"
"Prince George County, Virginia",
    Households,
        Estimate,"84,897"
        Margin of Error,"±5,442"
    Families,
        Estimate,"91,775"
        Margin of Error,"±10,448"
    Married-couple families,
        Estimate,"112,118"
        Margin of Error,"±6,157"
    Nonfamily households,
        Estimate,"53,971"
        Margin of Error,"±9,000"
"Prince William County, Virginia",
    Households,
        Estimate,"131,402"
        Margin of Error,"±2,625"
    Families,
        Estimate,"146,895"
        Margin of Error,"±2,916"
    Married-couple families,
        Estimate,"166,253"
        Margin of Error,"±3,030"
    Nonfamily households,
        Estimate,"86,575"
        Margin of Error,"±3,100"
"Pulaski County, Virginia",
    Households,
        Estimate,"62,028"
        Margin of Error,"±3,125"
    Families,
        Estimate,"83,034"
        Margin of Error,"±5,406"
    Married-couple families,
        Estimate,"100,548"
        Margin of Error,"±4,622"
    Nonfamily households,
        Estimate,"36,481"
        Margin of Error,"±2,080"
"Rappahannock County, Virginia",
    Households,
        Estimate,"83,380"
        Margin of Error,"±18,445"
    Families,
        Estimate,"87,460"
        Margin of Error,"±20,834"
    Married-couple families,
        Estimate,"99,564"
        Margin of Error,"±21,333"
    Nonfamily households,
        Estimate,"54,081"
        Margin of Error,"±19,699"
"Richmond County, Virginia",
    Households,
        Estimate,"66,304"
        Margin of Error,"±6,797"
    Families,
        Estimate,"92,444"
        Margin of Error,"±15,010"
    Married-couple families,
        Estimate,"97,108"
        Margin of Error,"±9,032"
    Nonfamily households,
        Estimate,"34,773"
        Margin of Error,"±8,404"
"Roanoke County, Virginia",
    Households,
        Estimate,"83,709"
        Margin of Error,"±2,594"
    Families,
        Estimate,"104,654"
        Margin of Error,"±3,040"
    Married-couple families,
        Estimate,"117,964"
        Margin of Error,"±4,249"
    Nonfamily households,
        Estimate,"48,056"
        Margin of Error,"±3,860"
"Rockbridge County, Virginia",
    Households,
        Estimate,"65,469"
        Margin of Error,"±4,457"
    Families,
        Estimate,"80,997"
        Margin of Error,"±5,212"
    Married-couple families,
        Estimate,"92,321"
        Margin of Error,"±13,909"
    Nonfamily households,
        Estimate,"35,825"
        Margin of Error,"±8,602"
"Rockingham County, Virginia",
    Households,
        Estimate,"80,693"
        Margin of Error,"±2,623"
    Families,
        Estimate,"96,631"
        Margin of Error,"±4,193"
    Married-couple families,
        Estimate,"108,827"
        Margin of Error,"±3,318"
    Nonfamily households,
        Estimate,"42,679"
        Margin of Error,"±2,201"
"Russell County, Virginia",
    Households,
        Estimate,"50,012"
        Margin of Error,"±7,432"
    Families,
        Estimate,"69,267"
        Margin of Error,"±6,791"
    Married-couple families,
        Estimate,"78,066"
        Margin of Error,"±5,812"
    Nonfamily households,
        Estimate,"24,018"
        Margin of Error,"±4,072"
"Scott County, Virginia",
    Households,
        Estimate,"46,349"
        Margin of Error,"±3,805"
    Families,
        Estimate,"65,704"
        Margin of Error,"±6,049"
    Married-couple families,
        Estimate,"78,091"
        Margin of Error,"±7,177"
    Nonfamily households,
        Estimate,"24,550"
        Margin of Error,"±2,987"
"Shenandoah County, Virginia",
    Households,
        Estimate,"67,191"
        Margin of Error,"±6,235"
    Families,
        Estimate,"83,875"
        Margin of Error,"±3,654"
    Married-couple families,
        Estimate,"99,263"
        Margin of Error,"±2,503"
    Nonfamily households,
        Estimate,"41,952"
        Margin of Error,"±5,830"
"Smyth County, Virginia",
    Households,
        Estimate,"49,883"
        Margin of Error,"±3,503"
    Families,
        Estimate,"66,543"
        Margin of Error,"±3,827"
    Married-couple families,
        Estimate,"79,973"
        Margin of Error,"±5,875"
    Nonfamily households,
        Estimate,"26,708"
        Margin of Error,"±2,819"
"Southampton County, Virginia",
    Households,
        Estimate,"70,795"
        Margin of Error,"±5,821"
    Families,
        Estimate,"91,028"
        Margin of Error,"±4,000"
    Married-couple families,
        Estimate,"102,303"
        Margin of Error,"±10,405"
    Nonfamily households,
        Estimate,"40,913"
        Margin of Error,"±6,988"
"Spotsylvania County, Virginia",
    Households,
        Estimate,"112,738"
        Margin of Error,"±4,298"
    Families,
        Estimate,"123,106"
        Margin of Error,"±3,821"
    Married-couple families,
        Estimate,"138,096"
        Margin of Error,"±3,884"
    Nonfamily households,
        Estimate,"69,049"
        Margin of Error,"±5,927"
"Stafford County, Virginia",
    Households,
        Estimate,"137,807"
        Margin of Error,"±4,821"
    Families,
        Estimate,"152,513"
        Margin of Error,"±3,455"
    Married-couple families,
        Estimate,"163,981"
        Margin of Error,"±5,994"
    Nonfamily households,
        Estimate,"81,105"
        Margin of Error,"±4,921"
"Surry County, Virginia",
    Households,
        Estimate,"78,041"
        Margin of Error,"±15,313"
    Families,
        Estimate,"95,142"
        Margin of Error,"±10,481"
    Married-couple families,
        Estimate,"107,618"
        Margin of Error,"±10,134"
    Nonfamily households,
        Estimate,"33,958"
        Margin of Error,"±7,371"
"Sussex County, Virginia",
    Households,
        Estimate,"63,530"
        Margin of Error,"±2,583"
    Families,
        Estimate,"83,586"
        Margin of Error,"±18,398"
    Married-couple families,
        Estimate,"98,813"
        Margin of Error,"±18,634"
    Nonfamily households,
        Estimate,"38,528"
        Margin of Error,"±2,861"
"Tazewell County, Virginia",
    Households,
        Estimate,"47,313"
        Margin of Error,"±3,483"
    Families,
        Estimate,"65,941"
        Margin of Error,"±5,429"
    Married-couple families,
        Estimate,"79,163"
        Margin of Error,"±5,732"
    Nonfamily households,
        Estimate,"26,485"
        Margin of Error,"±2,196"
"Warren County, Virginia",
    Households,
        Estimate,"84,682"
        Margin of Error,"±6,378"
    Families,
        Estimate,"98,220"
        Margin of Error,"±6,484"
    Married-couple families,
        Estimate,"113,159"
        Margin of Error,"±10,487"
    Nonfamily households,
        Estimate,"51,863"
        Margin of Error,"±6,077"
"Washington County, Virginia",
    Households,
        Estimate,"64,552"
        Margin of Error,"±3,311"
    Families,
        Estimate,"82,245"
        Margin of Error,"±5,200"
    Married-couple families,
        Estimate,"91,303"
        Margin of Error,"±8,194"
    Nonfamily households,
        Estimate,"32,788"
        Margin of Error,"±4,079"
"Westmoreland County, Virginia",
    Households,
        Estimate,"63,398"
        Margin of Error,"±7,180"
    Families,
        Estimate,"82,826"
        Margin of Error,"±8,795"
    Married-couple families,
        Estimate,"96,966"
        Margin of Error,"±10,155"
    Nonfamily households,
        Estimate,"46,231"
        Margin of Error,"±5,642"
"Wise County, Virginia",
    Households,
        Estimate,"52,943"
        Margin of Error,"±2,440"
    Families,
        Estimate,"61,390"
        Margin of Error,"±4,507"
    Married-couple families,
        Estimate,"74,205"
        Margin of Error,"±7,614"
    Nonfamily households,
        Estimate,"28,395"
        Margin of Error,"±2,558"
"Wythe County, Virginia",
    Households,
        Estimate,"57,745"
        Margin of Error,"±4,590"
    Families,
        Estimate,"80,084"
        Margin of Error,"±6,536"
    Married-couple families,
        Estimate,"88,250"
        Margin of Error,"±3,720"
    Nonfamily households,
        Estimate,"30,509"
        Margin of Error,"±3,870"
"York County, Virginia",
    Households,
        Estimate,"109,956"
        Margin of Error,"±4,078"
    Families,
        Estimate,"131,176"
        Margin of Error,"±4,543"
    Married-couple families,
        Estimate,"141,887"
        Margin of Error,"±5,507"
    Nonfamily households,
        Estimate,"59,538"
        Margin of Error,"±6,207"
"Alexandria city, Virginia",
    Households,
        Estimate,"119,681"
        Margin of Error,"±2,819"
    Families,
        Estimate,"159,140"
        Margin of Error,"±4,648"
    Married-couple families,
        Estimate,"198,117"
        Margin of Error,"±8,492"
    Nonfamily households,
        Estimate,"98,905"
        Margin of Error,"±4,196"
"Bristol city, Virginia",
    Households,
        Estimate,"50,404"
        Margin of Error,"±3,694"
    Families,
        Estimate,"77,602"
        Margin of Error,"±10,189"
    Married-couple families,
        Estimate,"100,000"
        Margin of Error,"±19,553"
    Nonfamily households,
        Estimate,"29,347"
        Margin of Error,"±5,924"
"Buena Vista city, Virginia",
    Households,
        Estimate,"57,833"
        Margin of Error,"±8,629"
    Families,
        Estimate,"62,339"
        Margin of Error,"±3,283"
    Married-couple families,
        Estimate,"63,963"
        Margin of Error,"±14,026"
    Nonfamily households,
        Estimate,"30,559"
        Margin of Error,"±6,478"
"Charlottesville city, Virginia",
    Households,
        Estimate,"74,824"
        Margin of Error,"±5,371"
    Families,
        Estimate,"119,149"
        Margin of Error,"±13,846"
    Married-couple families,
        Estimate,"167,135"
        Margin of Error,"±12,731"
    Nonfamily households,
        Estimate,"48,511"
        Margin of Error,"±4,846"
"Chesapeake city, Virginia",
    Households,
        Estimate,"95,373"
        Margin of Error,"±2,728"
    Families,
        Estimate,"115,841"
        Margin of Error,"±3,149"
    Married-couple families,
        Estimate,"135,735"
        Margin of Error,"±3,191"
    Nonfamily households,
        Estimate,"55,383"
        Margin of Error,"±3,557"
"Colonial Heights city, Virginia",
    Households,
        Estimate,"76,505"
        Margin of Error,"±5,526"
    Families,
        Estimate,"96,005"
        Margin of Error,"±8,321"
    Married-couple families,
        Estimate,"111,341"
        Margin of Error,"±13,280"
    Nonfamily households,
        Estimate,"46,913"
        Margin of Error,"±6,700"
"Covington city, Virginia",
    Households,
        Estimate,"41,944"
        Margin of Error,"±11,178"
    Families,
        Estimate,"54,583"
        Margin of Error,"±7,249"
    Married-couple families,
        Estimate,"62,935"
        Margin of Error,"±6,205"
    Nonfamily households,
        Estimate,"30,724"
        Margin of Error,"±4,658"
"Danville city, Virginia",
    Households,
        Estimate,"44,423"
        Margin of Error,"±3,639"
    Families,
        Estimate,"63,594"
        Margin of Error,"±3,978"
    Married-couple families,
        Estimate,"87,891"
        Margin of Error,"±6,848"
    Nonfamily households,
        Estimate,"28,695"
        Margin of Error,"±2,526"
"Emporia city, Virginia",
    Households,
        Estimate,"51,899"
        Margin of Error,"±7,831"
    Families,
        Estimate,"54,389"
        Margin of Error,"±9,873"
    Married-couple families,
        Estimate,"92,500"
        Margin of Error,"±37,173"
    Nonfamily households,
        Estimate,"33,546"
        Margin of Error,"±4,057"
"Fairfax city, Virginia",
    Households,
        Estimate,"132,348"
        Margin of Error,"±10,015"
    Families,
        Estimate,"183,193"
        Margin of Error,"±17,658"
    Married-couple families,
        Estimate,"196,574"
        Margin of Error,"±13,606"
    Nonfamily households,
        Estimate,"82,418"
        Margin of Error,"±15,733"
"Falls Church city, Virginia",
    Households,
        Estimate,"143,262"
        Margin of Error,"±15,432"
    Families,
        Estimate,"222,644"
        Margin of Error,"±17,783"
    Married-couple families,
        Estimate,"246,125"
        Margin of Error,"±32,615"
    Nonfamily households,
        Estimate,"89,432"
        Margin of Error,"±12,785"
"Franklin city, Virginia",
    Households,
        Estimate,"63,245"
        Margin of Error,"±6,558"
    Families,
        Estimate,"76,307"
        Margin of Error,"±12,928"
    Married-couple families,
        Estimate,"100,877"
        Margin of Error,"±14,606"
    Nonfamily households,
        Estimate,"40,625"
        Margin of Error,"±10,467"
"Fredericksburg city, Virginia",
    Households,
        Estimate,"86,071"
        Margin of Error,"±6,832"
    Families,
        Estimate,"133,397"
        Margin of Error,"±13,984"
    Married-couple families,
        Estimate,"167,206"
        Margin of Error,"±25,233"
    Nonfamily households,
        Estimate,"63,635"
        Margin of Error,"±5,602"
"Galax city, Virginia",
    Households,
        Estimate,"38,675"
        Margin of Error,"±8,836"
    Families,
        Estimate,"69,115"
        Margin of Error,"±28,605"
    Married-couple families,
        Estimate,"94,032"
        Margin of Error,"±14,339"
    Nonfamily households,
        Estimate,"23,576"
        Margin of Error,"±5,144"
"Hampton city, Virginia",
    Households,
        Estimate,"69,621"
        Margin of Error,"±2,291"
    Families,
        Estimate,"85,674"
        Margin of Error,"±3,786"
    Married-couple families,
        Estimate,"107,326"
        Margin of Error,"±3,516"
    Nonfamily households,
        Estimate,"46,600"
        Margin of Error,"±3,774"
"Harrisonburg city, Virginia",
    Households,
        Estimate,"62,254"
        Margin of Error,"±4,131"
    Families,
        Estimate,"85,946"
        Margin of Error,"±7,733"
    Married-couple families,
        Estimate,"109,929"
        Margin of Error,"±8,312"
    Nonfamily households,
        Estimate,"42,864"
        Margin of Error,"±5,987"
"Hopewell city, Virginia",
    Households,
        Estimate,"54,729"
        Margin of Error,"±7,645"
    Families,
        Estimate,"71,110"
        Margin of Error,"±6,735"
    Married-couple families,
        Estimate,"79,870"
        Margin of Error,"±18,269"
    Nonfamily households,
        Estimate,"35,318"
        Margin of Error,"±3,460"
"Lexington city, Virginia",
    Households,
        Estimate,"84,517"
        Margin of Error,"±16,517"
    Families,
        Estimate,"110,875"
        Margin of Error,"±32,314"
    Married-couple families,
        Estimate,"130,250"
        Margin of Error,"±25,837"
    Nonfamily households,
        Estimate,"53,832"
        Margin of Error,"±23,415"
"Lynchburg city, Virginia",
    Households,
        Estimate,"57,947"
        Margin of Error,"±3,396"
    Families,
        Estimate,"77,065"
        Margin of Error,"±6,184"
    Married-couple families,
        Estimate,"99,073"
        Margin of Error,"±5,387"
    Nonfamily households,
        Estimate,"39,638"
        Margin of Error,"±3,624"
"Manassas city, Virginia",
    Households,
        Estimate,"113,590"
        Margin of Error,"±8,224"
    Families,
        Estimate,"120,440"
        Margin of Error,"±8,734"
    Married-couple families,
        Estimate,"132,201"
        Margin of Error,"±11,264"
    Nonfamily households,
        Estimate,"74,026"
        Margin of Error,"±10,331"
"Manassas Park city, Virginia",
    Households,
        Estimate,"103,250"
        Margin of Error,"±8,996"
    Families,
        Estimate,"113,590"
        Margin of Error,"±11,658"
    Married-couple families,
        Estimate,"123,472"
        Margin of Error,"±19,979"
    Nonfamily households,
        Estimate,"79,389"
        Margin of Error,"±11,257"
"Martinsville city, Virginia",
    Households,
        Estimate,"46,727"
        Margin of Error,"±5,215"
    Families,
        Estimate,"62,706"
        Margin of Error,"±3,217"
    Married-couple families,
        Estimate,"81,615"
        Margin of Error,"±10,037"
    Nonfamily households,
        Estimate,"27,876"
        Margin of Error,"±2,983"
"Newport News city, Virginia",
    Households,
        Estimate,"69,634"
        Margin of Error,"±2,426"
    Families,
        Estimate,"85,499"
        Margin of Error,"±3,083"
    Married-couple families,
        Estimate,"110,546"
        Margin of Error,"±4,243"
    Nonfamily households,
        Estimate,"48,867"
        Margin of Error,"±2,515"
"Norfolk city, Virginia",
    Households,
        Estimate,"66,109"
        Margin of Error,"±1,785"
    Families,
        Estimate,"83,527"
        Margin of Error,"±3,350"
    Married-couple families,
        Estimate,"112,951"
        Margin of Error,"±4,467"
    Nonfamily households,
        Estimate,"48,582"
        Margin of Error,"±1,876"
"Norton city, Virginia",
    Households,
        Estimate,"41,495"
        Margin of Error,"±9,617"
    Families,
        Estimate,"53,438"
        Margin of Error,"±31,559"
    Married-couple families,
        Estimate,"75,571"
        Margin of Error,"±13,543"
    Nonfamily households,
        Estimate,"22,679"
        Margin of Error,"±19,135"
"Petersburg city, Virginia",
    Households,
        Estimate,"50,698"
        Margin of Error,"±2,886"
    Families,
        Estimate,"57,512"
        Margin of Error,"±7,678"
    Married-couple families,
        Estimate,"80,807"
        Margin of Error,"±9,204"
    Nonfamily households,
        Estimate,"45,558"
        Margin of Error,"±3,505"
"Poquoson city, Virginia",
    Households,
        Estimate,"120,972"
        Margin of Error,"±13,412"
    Families,
        Estimate,"130,721"
        Margin of Error,"±16,407"
    Married-couple families,
        Estimate,"148,750"
        Margin of Error,"±9,268"
    Nonfamily households,
        Estimate,"63,554"
        Margin of Error,"±11,961"
"Portsmouth city, Virginia",
    Households,
        Estimate,"60,491"
        Margin of Error,"±1,948"
    Families,
        Estimate,"72,698"
        Margin of Error,"±3,613"
    Married-couple families,
        Estimate,"98,492"
        Margin of Error,"±6,989"
    Nonfamily households,
        Estimate,"41,715"
        Margin of Error,"±3,409"
"Radford city, Virginia",
    Households,
        Estimate,"57,348"
        Margin of Error,"±6,243"
    Families,
        Estimate,"85,993"
        Margin of Error,"±9,861"
    Married-couple families,
        Estimate,"108,024"
        Margin of Error,"±16,492"
    Nonfamily households,
        Estimate,"33,520"
        Margin of Error,"±7,655"
"Richmond city, Virginia",
    Households,
        Estimate,"64,587"
        Margin of Error,"±1,911"
    Families,
        Estimate,"86,871"
        Margin of Error,"±3,666"
    Married-couple families,
        Estimate,"136,756"
        Margin of Error,"±6,524"
    Nonfamily households,
        Estimate,"50,201"
        Margin of Error,"±1,283"
"Roanoke city, Virginia",
    Households,
        Estimate,"55,378"
        Margin of Error,"±2,433"
    Families,
        Estimate,"71,692"
        Margin of Error,"±3,283"
    Married-couple families,
        Estimate,"96,759"
        Margin of Error,"±5,868"
    Nonfamily households,
        Estimate,"39,771"
        Margin of Error,"±4,148"
"Salem city, Virginia",
    Households,
        Estimate,"66,725"
        Margin of Error,"±6,350"
    Families,
        Estimate,"90,446"
        Margin of Error,"±6,715"
    Married-couple families,
        Estimate,"109,671"
        Margin of Error,"±5,934"
    Nonfamily households,
        Estimate,"43,795"
        Margin of Error,"±5,365"
"Staunton city, Virginia",
    Households,
        Estimate,"65,581"
        Margin of Error,"±4,919"
    Families,
        Estimate,"86,352"
        Margin of Error,"±9,839"
    Married-couple families,
        Estimate,"110,116"
        Margin of Error,"±6,070"
    Nonfamily households,
        Estimate,"45,318"
        Margin of Error,"±5,400"
"Suffolk city, Virginia",
    Households,
        Estimate,"92,666"
        Margin of Error,"±3,881"
    Families,
        Estimate,"114,116"
        Margin of Error,"±4,480"
    Married-couple families,
        Estimate,"135,641"
        Margin of Error,"±4,632"
    Nonfamily households,
        Estimate,"55,975"
        Margin of Error,"±2,891"
"Virginia Beach city, Virginia",
    Households,
        Estimate,"92,968"
        Margin of Error,"±1,774"
    Families,
        Estimate,"110,561"
        Margin of Error,"±2,775"
    Married-couple families,
        Estimate,"128,732"
        Margin of Error,"±2,948"
    Nonfamily households,
        Estimate,"60,383"
        Margin of Error,"±1,565"
"Waynesboro city, Virginia",
    Households,
        Estimate,"59,994"
        Margin of Error,"±3,755"
    Families,
        Estimate,"68,806"
        Margin of Error,"±11,975"
    Married-couple families,
        Estimate,"96,211"
        Margin of Error,"±20,048"
    Nonfamily households,
        Estimate,"39,837"
        Margin of Error,"±8,748"
"Williamsburg city, Virginia",
    Households,
        Estimate,"75,604"
        Margin of Error,"±10,916"
    Families,
        Estimate,"110,259"
        Margin of Error,"±8,795"
    Married-couple families,
        Estimate,"124,821"
        Margin of Error,"±21,539"
    Nonfamily households,
        Estimate,"37,314"
        Margin of Error,"±11,780"
"Winchester city, Virginia",
    Households,
        Estimate,"63,974"
        Margin of Error,"±2,269"
    Families,
        Estimate,"83,581"
        Margin of Error,"±5,255"
    Married-couple families,
        Estimate,"105,930"
        Margin of Error,"±9,554"
    Nonfamily households,
        Estimate,"42,513"
        Margin of Error,"±5,560"